Player,Pos,School,College,Ht,Wt,40yd,Vertical,Bench,Broad Jump,3Cone,Shuttle,Drafted (tm/rnd/yr)
Hamza Abdullah\AbduHa20,S,Washington State,College Stats,6-2,214,,39.0,18,114,6.94,,Tampa Bay Buccaneers / 7th / 231st pick / 2005
Anthony Alabi\AlabAn20,OT,TCU,,6-5,310,5.12,32.5,18,105,7.62,4.60,Miami Dolphins / 5th / 162nd pick / 2005
Lorenzo Alexander\AlexLo99,DT,California,College Stats,6-2,289,5.12,29.5,28,106,7.53,4.55,
Jared Allen,QB,Florida Atlantic,College Stats,6-2,218,4.93,27.5,,106,7.29,4.39,
Derek Anderson\AndeDe00,QB,Oregon State,College Stats,6-6,242,5.03,29.0,,103,7.67,4.62,Baltimore Ravens / 6th / 213th pick / 2005
Calvin Armstrong,OT,Washington State,,6-7,325,5.51,34.0,26,100,7.62,4.66,Philadelphia Eagles / 6th / 211th pick / 2005
J.J. Arrington\ArriJ.00,RB,California,College Stats,5-9,214,4.40,35.0,18,121,6.81,4.10,Arizona Cardinals / 2nd / 44th pick / 2005
O.J. Atogwe\AtogO.20,S,Stanford,College Stats,5-11,219,4.52,,22,,,,St. Louis Rams / 3rd / 66th pick / 2005
Adrian Awasom\AwasAd20,DE,North Texas,,6-4,279,4.93,32.5,23,107,7.57,4.40,
David Baas\BaasDa20,OG,Michigan,College Stats,6-4,319,5.06,29.5,29,105,7.50,4.46,San Francisco 49ers / 2nd / 33rd pick / 2005
Jonathan Babineaux\BabiJo20,DT,Iowa,College Stats,6-2,286,4.87,29.5,21,109,7.70,4.57,Atlanta Falcons / 2nd / 59th pick / 2005
Billy Bajema\BajeBi00,TE,Oklahoma State,College Stats,6-5,261,4.74,31.5,16,113,7.05,4.25,San Francisco 49ers / 7th / 249th pick / 2005
Marion Barber\BarbMa01,RB,Minnesota,College Stats,5-11,221,4.49,40.0,20,127,,,Dallas Cowboys / 4th / 109th pick / 2005
Khalif Barnes\BarnKh20,OT,Washington,College Stats,6-6,305,4.92,35.0,26,106,7.57,4.54,Jacksonville Jaguars / 2nd / 52nd pick / 2005
Alex Barron\BarrAl20,OT,Florida State,College Stats,6-7,320,4.87,35.5,,112,7.83,4.56,St. Louis Rams / 1st / 19th pick / 2005
Ronald Bartell\BartRo20,CB,Howard,,6-1,211,4.37,35.5,21,,,,St. Louis Rams / 2nd / 50th pick / 2005
Jordan Beck\BeckJo20,OLB,Cal Poly,,6-2,233,4.60,41.0,25,128,7.11,4.10,Atlanta Falcons / 3rd / 90th pick / 2005
Bryce Benekos,P,Texas-El Paso,College Stats,6-5,227,5.10,,,,,,
Cedric Benson\BensCe00,RB,Texas,College Stats,5-10,222,4.62,,,,,,Chicago Bears / 1st / 4th pick / 2005
Adam Bergen\BergAd00,TE,Lehigh,,6-4,265,4.78,38.0,25,121,7.11,4.10,
Joe Berger\BergJo20,OT,Michigan Tech,,6-5,303,5.18,27.0,30,96,7.77,4.62,Carolina Panthers / 6th / 207th pick / 2005
Justin Beriault,S,Ball State,College Stats,6-3,204,4.52,39.5,14,132,6.92,3.80,Dallas Cowboys / 6th / 208th pick / 2005
Brock Berlin\BerlBr00,QB,Miami (FL),College Stats,6-1,221,4.83,29.0,,109,7.49,4.54,
Atari Bigby\BigbAt20,S,Central Florida,College Stats,5-11,214,4.57,35.0,19,112,7.00,4.10,
DeCori Birmingham,RB,Arkansas,College Stats,5-10,210,4.56,34.5,14,118,7.13,4.28,
Darryl Blackstock\BlacDa20,OLB,Virginia,College Stats,6-3,247,4.70,39.0,25,126,7.05,4.29,Arizona Cardinals / 3rd / 95th pick / 2005
Michael Boley\BoleMi20,OLB,Southern Miss,College Stats,6-3,236,4.56,34.0,,113,7.08,4.12,Atlanta Falcons / 5th / 160th pick / 2005
Mark Bradley\BradMa00,WR,Oklahoma,College Stats,6-1,201,4.37,39.5,,128,6.96,3.98,Chicago Bears / 2nd / 39th pick / 2005
Craig Bragg,WR,UCLA,College Stats,6-1,196,4.46,36.0,,,,,Green Bay Packers / 6th / 195th pick / 2005
Jamaal Brimmer,S,UNLV,College Stats,6-1,216,4.80,32.0,16,113,7.78,4.63,
Wesley Britt\BritWe20,OT,Alabama,,6-8,314,5.20,,24,,,,San Diego Chargers / 5th / 164th pick / 2005
C.J. Brooks,OG,Maryland,,6-5,309,5.18,31.5,24,108,7.61,4.56,
Nehemiah Broughton\BrouNe00,RB,Citadel,,5-11,250,4.59,30.0,25,108,7.54,4.28,Washington Redskins / 7th / 222nd pick / 2005
Tim Brown,OT,West Virginia,,6-4,318,5.60,29.0,23,93,7.84,4.92,
Elton Brown\BrowEl20,OG,Virginia,College Stats,6-5,329,4.93,,,,,,Arizona Cardinals / 4th / 111th pick / 2005
Jason Brown\BrowJa23,C,North Carolina,College Stats,6-3,313,5.40,30.5,23,105,7.72,4.51,Baltimore Ravens / 4th / 124th pick / 2005
Jammal Brown\BrowJa55,OT,Oklahoma,College Stats,6-6,316,5.06,31.5,,109,7.93,4.67,New Orleans Saints / 1st / 13th pick / 2005
Reggie Brown\BrowRe01,WR,Georgia,College Stats,6-2,196,4.45,41.5,,128,6.99,3.94,Philadelphia Eagles / 2nd / 35th pick / 2005
Ronnie Brown\BrowRo05,RB,Auburn,College Stats,6-0,233,4.43,34.0,18,117,7.10,4.08,Miami Dolphins / 1st / 2nd pick / 2005
Brandon Browner\BrowBr00,CB,Oregon State,,6-3,221,4.63,36.5,13,123,7.20,4.24,
Anthony Bryant\BryaAn20,DT,Alabama,,6-3,337,5.06,31.5,23,106,7.80,4.68,Tampa Bay Buccaneers / 6th / 178th pick / 2005
Doug Buckles,OG,Mississippi,,6-5,311,5.53,23.5,18,89,8.17,4.80,
Dan Buenning\BuenDa20,OG,Wisconsin,,6-4,320,5.35,28.0,29,111,7.90,4.59,Tampa Bay Buccaneers / 4th / 107th pick / 2005
Josh Bullocks\BullJo20,S,Nebraska,College Stats,6-0,209,4.46,37.5,,118,7.09,4.08,New Orleans Saints / 2nd / 40th pick / 2005
Tim Bulman\BulmTi20,DT,Boston Col.,,6-3,294,4.91,32.5,35,115,7.23,4.20,
Kevin Burnett\BurnKe20,OLB,Tennessee,College Stats,6-3,239,4.58,36.0,20,130,,,Dallas Cowboys / 2nd / 42nd pick / 2005
Vincent Burns,DE,Kentucky,College Stats,6-0,267,4.84,35.0,25,122,7.24,4.41,Indianapolis Colts / 3rd / 92nd pick / 2005
Larry Burt,DT,Miami (OH),,6-2,304,5.36,28.0,22,98,8.03,4.72,
James Butler\ButlJa20,S,Georgia Tech,College Stats,6-2,213,4.51,40.5,16,127,7.10,3.98,
Jason Campbell\CampJa00,QB,Auburn,College Stats,6-5,230,4.71,,,,,,Washington Redskins / 1st / 25th pick / 2005
Chris Canty\CantCh21,DE,Virginia,,6-7,279,4.98,,,,,,Dallas Cowboys / 4th / 132nd pick / 2005
Jerome Carter\CartJe20,S,Florida State,College Stats,5-11,220,4.47,35.0,21,121,7.18,4.04,St. Louis Rams / 4th / 117th pick / 2005
Luis Castillo\CastLu20,DT,Northwestern,,6-3,303,4.79,34.5,32,112,,,San Diego Chargers / 1st / 28th pick / 2005
Timmy Chang,QB,Hawaii,College Stats,6-1,211,5.08,29.0,,111,7.24,4.20,
Maurice Clarett,RB,Ohio State,College Stats,6-0,234,4.78,34.0,22,115,,,Denver Broncos / 3rd / 101st pick / 2005
Ryan Claridge,OLB,UNLV,,6-2,254,4.78,,,,,,New England Patriots / 5th / 170th pick / 2005
Mark Clayton\ClayMa01,WR,Oklahoma,College Stats,5-10,193,4.41,36.5,,118,6.95,4.07,Baltimore Ravens / 1st / 22nd pick / 2005
Jonathan Clinkscale,OG,Wisconsin,,6-2,315,5.51,27.5,,99,,,
DeAndra Cobb\CobbDe00,RB,Michigan State,College Stats,5-10,196,4.49,34.0,17,118,7.13,4.25,Atlanta Falcons / 6th / 201st pick / 2005
Dan Cody\CodyDa20,DE,Oklahoma,,6-5,254,4.75,,,,,,Baltimore Ravens / 2nd / 53rd pick / 2005
Shaun Cody\CodySh20,DT,USC,College Stats,6-4,293,5.05,,34,,,,Detroit Lions / 2nd / 37th pick / 2005
Trent Cole\ColeTr20,OLB,Cincinnati,College Stats,6-2,236,4.70,,,,,,Philadelphia Eagles / 5th / 146th pick / 2005
Eric Coleman,DT,Clemson,College Stats,6-5,288,5.12,33.0,27,118,7.42,4.71,
Jerome Collins\CollJe00,TE,Notre Dame,College Stats,6-4,267,4.71,,21,118,,,St. Louis Rams / 5th / 144th pick / 2005
Nick Collins\CollNi20,CB,Bethune-Cookman,,5-11,206,4.36,40.0,11,118,6.94,4.16,Green Bay Packers / 2nd / 51st pick / 2005
Chris Colmer,OT,Boise State,,6-5,310,5.19,,,,,,Tampa Bay Buccaneers / 3rd / 91st pick / 2005
Jon Colon,OT,Florida,,6-7,317,5.64,25.5,,85,8.03,4.89,
Dustin Colquitt\ColqDu20,P,Tennessee,College Stats,6-2,211,4.88,,,,,,Kansas City Chiefs / 3rd / 99th pick / 2005
Dan Connolly\ConnDa21,OT,Southeast Missouri,,6-4,311,5.19,28.5,22,108,7.65,4.54,
Sean Considine\ConsSe20,S,Iowa,College Stats,6-0,212,4.50,37.0,19,117,7.09,3.92,Philadelphia Eagles / 4th / 102nd pick / 2005
Atcheson Conway,S,Bowie State,,5-10,219,4.90,32.0,14,108,7.38,4.10,
Roger Cooper,OLB,Montana State,,6-2,239,4.75,35.5,19,118,7.28,4.33,
Junius Coston\CostJu20,C,North Carolina A&T,,6-3,310,5.31,29.5,21,102,7.93,4.56,Green Bay Packers / 5th / 143rd pick / 2005
Jonas Crafts,TE,Texas-El Paso,College Stats,6-3,247,4.89,,24,,,,
Channing Crowder\CrowCh20,ILB,Florida,College Stats,6-2,252,4.71,,,,,,Miami Dolphins / 3rd / 70th pick / 2005
Airese Currie\CurrAi00,WR,Clemson,College Stats,5-10,186,4.49,38.0,,125,7.05,4.07,Chicago Bears / 5th / 140th pick / 2005
Markus Curry\CurrMa20,CB,Michigan,College Stats,5-11,181,4.59,35.0,12,117,7.04,3.89,
Tony Curtis\CurtTo00,TE,Portland State,,6-5,269,4.93,,21,115,,,
Harvey Dahl\DahlHa20,OT,Nevada,,6-6,299,5.42,27.0,17,99,8.15,4.58,
Travis Daniels\DaniTr20,CB,LSU,College Stats,6-1,194,4.54,35.0,,120,6.95,3.97,Miami Dolphins / 4th / 104th pick / 2005
Josh Davis,WR,Marshall,College Stats,6-0,191,4.52,37.5,,118,7.19,4.22,
Anthony Davis,RB,Wisconsin,College Stats,5-7,200,4.50,38.0,18,121,7.39,,Indianapolis Colts / 7th / 243rd pick / 2005
Chauncey Davis\DaviCh22,DE,Florida State,College Stats,6-2,273,4.80,37.0,22,118,7.66,4.44,Atlanta Falcons / 4th / 128th pick / 2005
Jim Davis\DaviJi20,DE,Virginia Tech,College Stats,6-3,277,4.75,34.0,,111,7.11,4.23,
Thomas Davis\DaviTh20,S,Georgia,College Stats,6-1,230,4.60,36.5,,115,7.09,3.97,Carolina Panthers / 1st / 14th pick / 2005
Ben Dougherty,QB,Florida A&M,,6-2,222,4.72,33.0,,108,7.41,4.34,
Joel Dreessen\DreeJo00,TE,Colorado State,College Stats,6-4,260,4.72,36.0,22,113,7.09,4.01,New York Jets / 6th / 198th pick / 2005
Adell Duckett,DE,Texas Tech,College Stats,6-3,270,4.93,34.5,14,105,7.75,4.35,
Kevin Dudley\DudlKe00,FB,Michigan,College Stats,6-0,238,4.91,30.0,19,109,7.25,4.56,
Clifford Dukes,DE,Michigan State,,6-3,268,4.95,31.5,28,,,,
Jon Dunn,OT,Virginia Tech,,6-7,328,5.40,,,,,,Cleveland Browns / 7th / 217th pick / 2005
Braylon Edwards\EdwaBr00,WR,Michigan,College Stats,6-3,211,4.45,,,,,,Cleveland Browns / 1st / 3rd pick / 2005
Abraham Elimimian,CB,Hawaii,College Stats,5-10,190,4.62,39.0,14,121,,4.05,
Atiyyah Ellison\ElliAt00,DT,Missouri,,6-4,305,5.07,27.5,25,103,8.00,4.79,Carolina Panthers / 3rd / 89th pick / 2005
Ben Emanuel\EmanBe20,S,UCLA,College Stats,6-3,213,4.57,,21,,,,Carolina Panthers / 5th / 171st pick / 2005
Jamar Enzor\EnzoJa20,OLB,Cincinnati,College Stats,6-0,243,4.75,,21,,,,
Trai Essex\EsseTr20,OT,Northwestern,College Stats,6-4,324,5.61,29.0,,96,8.11,4.92,Pittsburgh Steelers / 3rd / 93rd pick / 2005
Kevin Everett\EverKe00,TE,Miami (FL),College Stats,6-5,241,4.72,,,,,,Buffalo Bills / 3rd / 86th pick / 2005
Liam Ezekiel\EzekLi20,ILB,Northeastern (MA),,6-0,249,4.81,34.5,36,118,7.27,4.12,
Cole Farden,P,Oklahoma State,College Stats,5-10,205,4.94,,,,,,
Ciatrick Fason\FasoCi00,RB,Florida,College Stats,6-1,207,4.58,,,,,,Minnesota Vikings / 4th / 112th pick / 2005
Diamond Ferri\FerrDi00,S,Syracuse,College Stats,5-10,223,4.59,35.5,20,111,7.15,4.14,
Ronald Fields\FielRo20,DT,Mississippi State,,6-2,313,5.24,27.0,,102,8.01,4.68,San Francisco 49ers / 5th / 137th pick / 2005
Alfred Fincher\FincAl20,ILB,Connecticut,College Stats,6-1,238,4.68,31.5,25,112,7.69,4.45,New Orleans Saints / 3rd / 82nd pick / 2005
Adam Finley,P,Michigan,College Stats,6-4,221,,,,,,,
Ryan Fitzpatrick\FitzRy00,QB,Harvard,,6-2,232,4.86,30.5,,105,7.09,4.07,St. Louis Rams / 7th / 250th pick / 2005
Dustin Fox\FoxxDu20,S,Ohio State,College Stats,5-11,191,4.43,43.5,7,,,,Minnesota Vikings / 3rd / 80th pick / 2005
Domonique Foxworth\FoxwDo20,CB,Maryland,College Stats,5-11,184,4.34,41.0,14,125,6.78,3.89,Denver Broncos / 3rd / 97th pick / 2005
Aaron Francisco\FranAa20,S,BYU,College Stats,6-2,211,4.74,35.0,17,113,6.96,4.07,
Simon Fraser\FrasSi20,DE,Ohio State,,6-6,288,5.00,28.0,23,106,7.54,4.43,
Andre Frazier\FrazAn20,DE,Cincinnati,,6-5,234,4.66,38.0,19,124,7.09,4.12,
Charles Frederick,WR,Washington,College Stats,5-11,194,4.78,33.0,,108,7.39,4.25,
Charlie Frye\FryeCh00,QB,Akron,College Stats,6-4,225,4.79,33.0,,113,6.94,4.08,Cleveland Browns / 3rd / 67th pick / 2005
Vincent Fuller\FullVi20,S,Virginia Tech,College Stats,6-1,189,4.44,,,,,,Tennessee Titans / 4th / 108th pick / 2005
Dylan Gandy\GandDy20,OG,Texas Tech,,6-3,304,5.12,29.5,,100,7.62,4.51,Indianapolis Colts / 4th / 129th pick / 2005
Lionel Gates\GateLi00,RB,Louisville,College Stats,6-0,222,4.60,36.0,23,121,7.17,4.10,Buffalo Bills / 7th / 236th pick / 2005
George Gause,DE,South Carolina,,6-5,275,4.68,,,,,,
Justin Geisinger\GeisJu20,OT,Vanderbilt,,6-4,322,5.38,25.0,34,95,7.87,4.62,Buffalo Bills / 6th / 197th pick / 2005
Eric Ghiaciuc\GhiaEr20,C,Central Michigan,,6-4,302,5.09,32.0,30,105,7.87,4.56,Cincinnati Bengals / 4th / 119th pick / 2005
Fred Gibson,WR,Georgia,College Stats,6-4,196,4.55,38.5,,126,7.03,4.10,Pittsburgh Steelers / 4th / 131st pick / 2005
Howard Gilmore,WR,Norfolk State,,6-0,194,4.71,36.0,,113,7.56,4.44,
Johnathan Goddard,OLB,Marshall,,6-0,238,4.67,35.0,27,107,7.48,4.14,
Michael Goolsby,ILB,Notre Dame,,6-3,249,4.85,29.5,,112,7.31,4.36,
Frank Gore\GoreFr00,RB,Miami (FL),College Stats,5-9,217,4.58,,,,,,San Francisco 49ers / 3rd / 65th pick / 2005
Ryan Grant\GranRy00,RB,Notre Dame,College Stats,6-1,215,4.43,33.5,17,115,7.08,4.12,
Eric Green\GreeEr20,CB,Virginia Tech,College Stats,5-11,198,4.52,38.0,,120,,3.90,Arizona Cardinals / 3rd / 75th pick / 2005
Justin Green\GreeJu00,FB,Montana,,5-11,251,4.84,31.0,23,109,7.24,4.21,Baltimore Ravens / 5th / 158th pick / 2005
David Greene,QB,Georgia,College Stats,6-3,226,4.78,31.5,,115,7.00,4.10,Seattle Seahawks / 3rd / 85th pick / 2005
Kelly Griffeth,TE,Fort Hays State,,6-5,284,4.90,28.0,21,103,7.25,4.27,
Boomer Grigsby\GrigBo20,ILB,Illinois State,,6-0,249,4.60,35.5,32,112,7.10,,Kansas City Chiefs / 5th / 138th pick / 2005
Matt Grootegoed\GrooMa20,S,USC,College Stats,5-11,218,4.76,31.5,22,111,7.17,4.26,
Gino Guidugli,QB,Cincinnati,College Stats,6-4,229,5.00,29.0,,103,7.41,4.52,
Tyjuan Hagler\HaglTy20,OLB,Cincinnati,College Stats,6-0,236,4.59,35.5,35,124,7.21,4.07,Indianapolis Colts / 5th / 173rd pick / 2005
Josh Haldi,QB,Northern Illinois,College Stats,6-2,215,4.64,33.0,,113,6.89,4.07,
Geoff Hangartner\HangGe20,C,Texas A&M,,6-5,301,5.21,28.5,26,103,7.62,4.52,Carolina Panthers / 5th / 169th pick / 2005
Jason Harmon,S,Michigan State,College Stats,5-11,209,4.70,37.0,23,118,7.61,4.10,
Reggie Harrell,WR,TCU,College Stats,6-3,214,4.58,35.0,,115,7.42,4.11,
Kay-Jay Harris\HarrKa00,RB,West Virginia,College Stats,6-0,241,4.56,38.0,,122,7.20,4.10,
Marques Harris\HarrMa20,OLB,Southern Utah,,6-1,231,4.71,40.5,22,117,7.19,4.07,
Anttaj Hawthorne\HawtAn20,DT,Wisconsin,College Stats,6-3,321,5.23,27.0,21,100,8.00,4.69,Oakland Raiders / 6th / 175th pick / 2005
Kelvin Hayden\HaydKe20,CB,Illinois,College Stats,5-10,197,4.45,34.0,17,111,6.87,3.90,Indianapolis Colts / 2nd / 60th pick / 2005
Jovan Haye\HayeJo20,DE,Vanderbilt,College Stats,6-2,284,4.74,34.0,33,110,7.38,4.35,Carolina Panthers / 6th / 189th pick / 2005
Alex Haynes\HaynAl00,RB,Central Florida,College Stats,5-10,223,4.51,32.5,21,,,,
Madison Hedgecock\HedgMa00,FB,North Carolina,College Stats,6-3,266,4.87,32.5,29,108,7.41,4.24,St. Louis Rams / 7th / 251st pick / 2005
Chris Henry\HenrCh00,WR,West Virginia,College Stats,6-4,197,4.50,,,,,,Cincinnati Bengals / 3rd / 83rd pick / 2005
Noah Herron\HerrNo00,RB,Northwestern,College Stats,5-11,224,4.60,31.0,17,108,6.95,3.97,Pittsburgh Steelers / 7th / 244th pick / 2005
Efrem Hill,WR,Samford,,6-0,179,4.58,37.5,,124,7.42,4.07,
Leroy Hill\HillLe20,ILB,Clemson,College Stats,6-1,229,4.65,34.0,25,116,7.23,4.10,Seattle Seahawks / 3rd / 98th pick / 2005
Ellis Hobbs\HobbEl20,CB,Iowa State,College Stats,5-9,192,4.45,42.0,12,124,6.80,4.07,New England Patriots / 3rd / 84th pick / 2005
Drew Hodgdon\HodgDr20,C,Arizona State,,6-3,309,5.31,32.5,,109,7.49,4.45,Houston Texans / 5th / 151st pick / 2005
Alphonso Hodge,CB,Miami (OH),,5-11,203,4.44,34.0,20,,,3.99,Kansas City Chiefs / 5th / 147th pick / 2005
Reggie Hodges\HodgRe20,P,Ball State,College Stats,6-0,226,4.88,,,,,,St. Louis Rams / 6th / 210th pick / 2005
Terry Holley,S,Rice,College Stats,6-1,211,4.64,37.0,24,115,,,
Daven Holly\HollDa22,CB,Cincinnati,College Stats,5-10,192,4.39,39.0,15,115,7.16,4.08,San Francisco 49ers / 7th / 215th pick / 2005
Alex Holmes\HolmAl00,TE,USC,College Stats,6-2,265,5.04,,18,,,,
Cedric Houston\HousCe00,RB,Tennessee,College Stats,5-11,225,4.61,,,,,,New York Jets / 6th / 182nd pick / 2005
Ray Hudson,RB,Alabama,College Stats,5-10,192,4.50,,15,,,,
Rob Hunt,C,North Dakota State,,6-4,301,4.96,34.5,31,108,7.53,4.48,
Kevin Huntley\HuntKe21,DE,Kansas State,College Stats,6-7,267,4.88,,,,,,
Richie Incognito\IncoRi20,C,Nebraska,,6-3,305,4.84,,29,,,,St. Louis Rams / 3rd / 81st pick / 2005
Marlin Jackson\JackMa22,CB,Michigan,College Stats,6-1,198,4.52,36.0,23,125,6.95,3.96,Indianapolis Colts / 1st / 29th pick / 2005
Vincent Jackson\JackVi00,WR,Northern Colorado,,6-5,241,4.46,39.0,,,,,San Diego Chargers / 2nd / 61st pick / 2005
Tony Jackson,TE,Iowa,College Stats,6-2,266,4.75,33.0,23,113,7.50,4.48,Seattle Seahawks / 6th / 196th pick / 2005
Brandon Jacobs\JacoBr00,RB,Southern Illinois,,6-4,267,4.56,37.0,19,118,7.53,4.46,New York Giants / 4th / 110th pick / 2005
Erasmus James\JameEr20,DE,Wisconsin,College Stats,6-4,266,4.81,37.5,,122,7.56,4.37,Minnesota Vikings / 1st / 18th pick / 2005
Jason Jefferson\JeffJa21,DT,Wisconsin,,6-2,310,5.10,28.5,,102,7.79,4.47,New Orleans Saints / 6th / 193rd pick / 2005
Chase Johnson,OT,TCU,,6-8,330,5.41,27.0,,91,8.15,4.70,
Derrick Johnson\JohnDe25,CB,Texas,College Stats,5-11,197,4.43,,18,,7.15,4.10,Kansas City Chiefs / 1st / 15th pick / 2005
Derrick Johnson\JohnDe25,OLB,Texas,College Stats,6-3,242,4.52,37.5,,120,7.20,3.87,Kansas City Chiefs / 1st / 15th pick / 2005
Marcus Johnson\JohnMa20,OG,Mississippi,,6-6,321,5.45,27.5,21,104,7.71,4.71,Minnesota Vikings / 2nd / 49th pick / 2005
Travis Johnson\JohnTr20,DT,Florida State,,6-4,305,4.91,,,,,,Houston Texans / 1st / 16th pick / 2005
Tyler Jones,K,Boise State,College Stats,6-1,201,5.05,,,,,,
Brandon Jones\JoneBr02,WR,Oklahoma,College Stats,6-1,210,4.42,37.0,,114,7.03,4.08,Tennessee Titans / 3rd / 96th pick / 2005
Matt Jones\JoneMa00,TE,Arkansas,College Stats,6-6,242,4.37,39.5,,129,,,Jacksonville Jaguars / 1st / 21st pick / 2005
Adam Jones\JonePa20,CB,West Virginia,College Stats,5-9,187,4.38,,,,,,Tennessee Titans / 1st / 6th pick / 2005
Keith Joseph\JoseKe00,FB,Texas A&M,College Stats,6-2,254,4.68,33.0,27,113,7.43,4.20,
Nick Kaczur\KaczNi20,OT,Toledo,College Stats,6-4,319,5.28,31.5,,,,,New England Patriots / 3rd / 100th pick / 2005
Dave Kashetta,TE,Boston Col.,,6-3,247,4.87,35.5,17,113,7.34,4.34,
Chris Kemoeatu\KemoCh20,OG,Utah,,6-3,344,5.34,29.0,26,98,7.75,4.54,Pittsburgh Steelers / 6th / 204th pick / 2005
Adam Kieft,OT,Central Michigan,,6-7,337,5.52,33.0,28,110,7.78,4.76,Cincinnati Bengals / 5th / 153rd pick / 2005
Tyler King,DE,Connecticut,,6-5,271,4.87,36.0,20,118,7.57,4.34,
Eric King\KingEr20,CB,Wake Forest,College Stats,5-8,189,4.43,,12,,,,Buffalo Bills / 5th / 156th pick / 2005
Marcus Lawrence\LawrMa20,ILB,South Carolina,College Stats,6-2,243,4.62,34.0,19,121,7.16,4.32,
Stefan LeFors,QB,Louisville,College Stats,6-0,208,4.56,31.0,,111,7.03,4.09,Carolina Panthers / 4th / 121st pick / 2005
Jim Leonhard\LeonJi23,S,Wisconsin,College Stats,5-8,191,4.63,,19,,,,
Samuel Lightbody,OT,Michigan State,,6-9,321,5.62,30.0,,108,7.95,4.41,
Dustin Long,QB,SMU,,6-2,208,4.67,30.5,,108,6.77,4.08,
Khari Long\LongKh20,DE,Baylor,College Stats,6-4,257,4.74,38.5,27,121,7.22,4.07,Kansas City Chiefs / 6th / 199th pick / 2005
Daniel Loper\LopeDa20,OT,Texas Tech,,6-6,306,5.30,32.0,14,101,7.74,4.68,Tennessee Titans / 5th / 150th pick / 2005
Chase Lyman,WR,California,College Stats,6-3,217,4.50,,,,,,New Orleans Saints / 4th / 118th pick / 2005
Andre Maddox,S,Boise State,,6-1,205,4.46,36.5,17,127,7.33,,New York Jets / 5th / 161st pick / 2005
Tony Madison,WR,Kansas State,College Stats,6-1,213,4.52,39.0,,121,7.13,4.30,
Logan Mankins\MankLo20,OG,Fresno State,,6-4,307,5.06,31.5,21,95,7.52,4.44,New England Patriots / 1st / 32nd pick / 2005
Tommy Manus,WR,South Florida,,6-4,222,4.55,38.0,,120,7.20,4.34,
Rasheed Marshall\MarsRa00,WR,West Virginia,College Stats,6-0,185,4.51,38.0,,121,6.81,3.95,San Francisco 49ers / 5th / 174th pick / 2005
Evan Mathis\MathEv20,OG,Alabama,,6-5,304,4.92,35.5,35,117,7.37,4.16,Carolina Panthers / 3rd / 79th pick / 2005
Jerome Mathis\MathJe00,WR,Kansas State,,5-11,181,4.28,35.5,,123,,,Houston Texans / 4th / 114th pick / 2005
Will Matthews,FB,Texas,College Stats,6-1,248,4.98,,,,,,
Leron McCoy\McCoLe00,WR,Indiana (PA),,6-1,211,4.40,37.0,,120,7.19,4.21,Arizona Cardinals / 7th / 226th pick / 2005
Robert McCune\McCuRo20,ILB,Louisville,College Stats,6-0,245,4.50,,34,,,,Washington Redskins / 5th / 154th pick / 2005
Bryant McFadden\McFaBr20,CB,Florida State,College Stats,6-0,193,4.44,38.5,23,130,,4.04,Pittsburgh Steelers / 2nd / 62nd pick / 2005
Lynn McGruder,DT,Oklahoma,,6-1,307,5.01,35.5,28,112,7.71,4.42,
Chris McKenzie\McKeCh20,CB,Arizona State,College Stats,5-8,185,4.32,45.0,6,136,6.90,4.32,
T.A. McLendon,RB,North Carolina State,College Stats,5-10,235,4.71,35.0,27,117,7.34,4.19,
Pete McMahon,OT,Iowa,,6-8,329,5.43,27.0,26,92,7.97,4.80,Oakland Raiders / 6th / 214th pick / 2005
David McMillan\McMiDa20,DE,Kansas,College Stats,6-3,262,4.58,34.0,16,120,7.11,4.07,Cleveland Browns / 5th / 139th pick / 2005
Willie McNeill,OT,North Carolina,,6-4,291,5.30,,,,,,
Adrian McPherson,QB,Florida State,,6-3,218,4.71,34.5,22,128,6.93,4.08,New Orleans Saints / 5th / 152nd pick / 2005
Albert Means,DT,Memphis,,6-4,318,5.40,27.0,26,96,8.21,4.87,
Shawne Merriman\MerrSh99,DE,Maryland,,6-4,272,4.64,,25,,,,San Diego Chargers / 1st / 12th pick / 2005
Heath Miller\MillHe00,TE,Virginia,College Stats,6-5,256,4.79,,,,,,Pittsburgh Steelers / 1st / 30th pick / 2005
Lance Mitchell\MitcLa20,ILB,Oklahoma,College Stats,6-2,247,4.85,33.5,15,,7.49,4.38,Arizona Cardinals / 5th / 168th pick / 2005
Ryan Moats\MoatRy00,RB,Louisiana Tech,College Stats,5-8,210,4.46,36.0,19,117,7.22,4.10,Philadelphia Eagles / 3rd / 77th pick / 2005
Mike Montgomery\MontMi20,DE,Texas A&M,College Stats,6-5,276,5.05,34.5,19,115,7.38,4.32,Green Bay Packers / 6th / 180th pick / 2005
Eric Moore\MoorEr21,DE,Florida State,College Stats,6-4,262,4.84,29.5,22,108,7.62,4.50,New York Giants / 6th / 186th pick / 2005
Lance Moore\MoorLa00,WR,Toledo,College Stats,5-9,177,4.52,,,,,,
Vernand Morency\MoreVe00,RB,Oklahoma State,College Stats,5-10,212,4.66,33.5,19,108,7.02,4.12,Houston Texans / 3rd / 73rd pick / 2005
Kirk Morrison\MorrKi20,ILB,San Diego State,College Stats,6-1,235,4.75,,25,,,4.31,Oakland Raiders / 3rd / 78th pick / 2005
C.J. Mosley\MoslC.20,DT,Missouri,,6-2,314,5.08,27.5,27,100,8.21,4.64,Minnesota Vikings / 6th / 191st pick / 2005
Scott Mruczkowski\MrucSc20,C,Bowling Green,,6-4,321,5.29,,28,,,,San Diego Chargers / 7th / 242nd pick / 2005
Michael Munoz,OT,Tennessee,College Stats,6-5,306,5.30,,,,,,
Terrence Murphy\MurpTe00,WR,Texas A&M,College Stats,6-1,202,4.39,,,,,,Green Bay Packers / 2nd / 58th pick / 2005
Chris Myers\MyerCh20,OG,Miami (FL),,6-5,300,5.11,,25,,,,Denver Broncos / 6th / 200th pick / 2005
Jared Newberry,OLB,Stanford,College Stats,6-1,234,4.71,,,,,,Washington Redskins / 6th / 183rd pick / 2005
Donte Nicholson\NichDo20,S,Oklahoma,College Stats,6-1,212,4.56,,18,,,,Tampa Bay Buccaneers / 5th / 141st pick / 2005
Doug Nienhuis\NienDo20,OG,Oregon State,,6-6,307,5.15,29.5,22,99,7.50,4.47,Seattle Seahawks / 7th / 254th pick / 2005
Nick Novak\novaknic01,K,Maryland,College Stats,5-11,191,5.10,,,,,,
Mike Nugent\nugenmik01,K,Ohio State,College Stats,5-10,182,4.72,,,,,,New York Jets / 2nd / 47th pick / 2005
Craig Ochs,QB,Montana,,6-2,218,4.87,28.5,,104,7.03,4.13,
Frank Omiyale\OmiyFr20,OT,Tennessee Tech,,6-4,310,5.30,29.5,22,101,8.19,4.72,Atlanta Falcons / 5th / 163rd pick / 2005
Dan Orlovsky\OrloDa00,QB,Connecticut,College Stats,6-5,225,4.93,29.5,,107,7.33,4.39,Detroit Lions / 5th / 145th pick / 2005
Kyle Orton\OrtoKy00,QB,Purdue,College Stats,6-4,233,5.06,26.5,,,7.38,4.52,Chicago Bears / 4th / 106th pick / 2005
Chad Owens\OwenCh00,WR,Hawaii,College Stats,5-7,183,4.62,37.0,,116,6.70,3.94,Jacksonville Jaguars / 6th / 185th pick / 2005
Jeremy Parquet,OT,Southern Miss,,6-7,323,5.31,29.5,17,94,7.95,4.80,Kansas City Chiefs / 7th / 238th pick / 2005
Roscoe Parrish\ParrRo00,WR,Miami (FL),College Stats,5-10,168,4.37,,,,,,Buffalo Bills / 2nd / 55th pick / 2005
Martin Patterson,ILB,TCU,,6-1,243,4.89,34.0,21,115,7.31,4.20,
Mike Patterson\PattMi20,DT,USC,College Stats,6-0,292,4.93,,26,,,,Philadelphia Eagles / 1st / 31st pick / 2005
Karl Paymah\PaymKa20,CB,Washington State,College Stats,6-0,204,4.35,41.5,15,125,7.09,3.91,Denver Broncos / 3rd / 76th pick / 2005
Matt Payne,K,BYU,College Stats,6-4,229,4.75,,,,,,
Alvin Pearman\PearAl00,RB,Virginia,College Stats,5-9,208,4.63,34.0,24,114,7.06,4.08,Jacksonville Jaguars / 4th / 127th pick / 2005
Erik Pears\PearEr20,OT,Colorado State,,6-8,312,5.12,,,,,,
Antonio Perkins\PerkAn20,CB,Oklahoma,College Stats,5-11,190,4.49,40.0,10,126,7.17,4.07,Cleveland Browns / 4th / 103rd pick / 2005
Tab Perry\PerrTa00,WR,UCLA,College Stats,6-2,229,4.46,34.0,,116,7.00,,Cincinnati Bengals / 6th / 190th pick / 2005
Rob Petitti\PetiRo20,OT,Pittsburgh,,6-6,347,5.48,,,,,,Dallas Cowboys / 6th / 209th pick / 2005
Kenneth Pettway\PettKe20,OLB,Grambling State,,6-3,236,4.69,32.5,22,114,7.29,4.31,Houston Texans / 7th / 227th pick / 2005
David Pollack\PollDa20,DE,Georgia,College Stats,6-2,265,4.75,37.0,25,120,6.86,3.90,Cincinnati Bengals / 1st / 17th pick / 2005
Jonathan Pollard,OLB,Oregon State,,6-1,247,4.68,35.0,21,116,7.41,4.07,
Brodney Pool\PoolBr20,S,Oklahoma,College Stats,6-1,207,4.52,,,,,,Cleveland Browns / 2nd / 34th pick / 2005
Brady Poppinga\PoppBr20,DE,BYU,College Stats,6-3,259,4.59,35.5,26,110,7.27,4.38,Green Bay Packers / 4th / 125th pick / 2005
Sione Pouha\PouhSi20,DT,Utah,College Stats,6-3,325,5.02,32.5,32,107,7.83,4.44,New York Jets / 3rd / 88th pick / 2005
Duke Preston\PresDu20,C,Illinois,,6-5,311,,32.0,21,96,7.57,4.45,Buffalo Bills / 4th / 122nd pick / 2005
Bobby Purify,RB,Colorado,College Stats,6-0,210,4.67,33.5,15,116,7.22,4.13,
Bryan Randall,QB,Virginia Tech,College Stats,6-0,225,4.71,33.0,,113,6.97,4.08,
Dave Rayner\raynedav01,K,Michigan State,College Stats,6-2,210,5.00,,,,,,Indianapolis Colts / 6th / 202nd pick / 2005
Jamaica Rector\RectJa00,WR,Northwest Missouri State,,5-10,186,4.47,36.5,,122,6.78,4.13,
Lamont Reid\ReidLa20,CB,North Carolina State,College Stats,5-11,195,4.53,40.5,15,124,7.18,4.28,
Walter Reyes,RB,Syracuse,College Stats,5-10,209,4.52,32.0,16,109,7.23,4.38,
Joe Rheem,K,Kansas State,College Stats,6-0,217,,,,,,,
Kerry Rhodes\RhodKe20,S,Louisville,College Stats,6-2,209,4.56,42.0,12,123,6.94,4.12,New York Jets / 4th / 123rd pick / 2005
Ryan Riddle\RiddRy20,DE,California,,6-2,256,4.83,,18,,,,Oakland Raiders / 6th / 212th pick / 2005
Dante' Ridgeway,WR,Ball State,,5-11,212,4.57,33.0,,117,7.25,4.39,
Chris Rix,QB,Florida State,College Stats,6-2,214,4.70,33.5,,116,7.53,4.53,
Leon Robinson,OG,Georgia Tech,,6-4,314,5.22,36.0,22,109,8.27,4.76,
Derreck Robinson\RobiDe21,DT,Iowa,,6-4,289,,34.5,27,114,7.97,4.53,
Courtney Roby\RobyCo00,WR,Indiana,College Stats,6-0,189,4.41,36.5,,126,6.60,3.94,Tennessee Titans / 3rd / 68th pick / 2005
Aaron Rodgers\RodgAa00,QB,California,College Stats,6-2,223,4.71,34.5,,110,7.38,,Green Bay Packers / 1st / 24th pick / 2005
Carlos Rogers\RogeCa20,CB,Auburn,College Stats,6-0,196,4.44,40.5,15,126,6.48,3.82,Washington Redskins / 1st / 9th pick / 2005
Antrel Rolle\RollAn20,CB,Miami (FL),College Stats,6-0,201,4.48,,15,,,,Arizona Cardinals / 1st / 8th pick / 2005
Michael Roos\RoosMi20,OT,East. Washington,,6-7,320,5.30,29.0,19,97,7.72,4.50,Tennessee Titans / 2nd / 41st pick / 2005
Matt Roth\RothMa20,DE,Iowa,,6-4,278,4.81,32.0,26,112,7.65,4.36,Miami Dolphins / 2nd / 46th pick / 2005
Stanford Routt\RoutSt20,CB,Houston,College Stats,6-1,193,4.27,36.5,,129,6.63,3.90,Oakland Raiders / 2nd / 38th pick / 2005
J.R. Russell,WR,Louisville,College Stats,6-3,206,4.56,34.5,,,,,Tampa Bay Buccaneers / 7th / 253rd pick / 2005
Barrett Ruud\RuudBa20,ILB,Nebraska,College Stats,6-2,241,4.75,34.5,25,112,7.22,3.94,Tampa Bay Buccaneers / 2nd / 36th pick / 2005
Steve Savoy,WR,Utah,College Stats,5-11,192,4.62,,,,,,
Bo Scaife\ScaiBo00,TE,Texas,College Stats,6-3,249,4.75,32.5,24,114,7.21,4.12,Tennessee Titans / 6th / 179th pick / 2005
Gerald Sensabaugh\SensGe20,S,North Carolina,College Stats,6-0,214,4.44,46.0,17,133,,,Jacksonville Jaguars / 5th / 157th pick / 2005
Adam Seward\SewaAd20,ILB,UNLV,College Stats,6-2,248,4.60,36.5,33,120,7.16,4.11,Carolina Panthers / 5th / 149th pick / 2005
Ernest Shazor\ShazEr20,S,Michigan,College Stats,6-4,228,4.65,,,,,,
Dan Sheldon,WR,Northern Illinois,College Stats,5-9,179,4.43,,,,,,
Eric Shelton\ShelEr00,RB,Louisville,College Stats,6-1,246,4.53,38.5,,124,7.44,4.08,Carolina Panthers / 2nd / 54th pick / 2005
Darrell Shropshire\ShroDa20,DT,South Carolina,,6-2,301,4.87,34.0,25,116,7.54,4.31,Atlanta Falcons / 7th / 241st pick / 2005
Wes Sims\SimsWe20,OT,Oklahoma,,6-5,318,5.39,28.0,26,108,7.68,4.43,San Diego Chargers / 6th / 177th pick / 2005
Alex Smith\SmitAl02,TE,Stanford,College Stats,6-4,258,4.88,,28,,,,Tampa Bay Buccaneers / 3rd / 71st pick / 2005
Alex Smith\SmitAl03,QB,Utah,College Stats,6-4,217,4.71,32.0,,113,6.82,3.96,San Francisco 49ers / 1st / 1st pick / 2005
Adam Snyder\SnydAd20,OG,Oregon,,6-5,316,5.34,28.5,21,93,7.83,4.83,San Francisco 49ers / 3rd / 94th pick / 2005
Marcus Spears\SpeaMa21,DE,LSU,College Stats,6-4,307,5.05,,,,,,Dallas Cowboys / 1st / 20th pick / 2005
Chris Spencer\SpenCh21,C,Mississippi,,6-3,309,5.21,32.0,26,105,8.06,4.59,Seattle Seahawks / 1st / 26th pick / 2005
Darren Sproles\SproDa00,RB,Kansas State,College Stats,5-6,187,4.47,33.0,23,105,6.96,3.96,San Diego Chargers / 4th / 130th pick / 2005
Scott Starks\StarSc20,CB,Wisconsin,College Stats,5-8,172,4.37,43.0,13,137,6.99,3.90,Jacksonville Jaguars / 3rd / 87th pick / 2005
Nick Steitz,OG,Oregon,,6-3,312,5.70,31.0,,99,8.16,4.65,
David Stewart\StewDa21,OT,Mississippi State,,6-6,314,5.25,,24,,,,Tennessee Titans / 4th / 113th pick / 2005
Chauncey Stovall,WR,Florida State,College Stats,6-1,221,4.62,,,,,,
Bill Swancutt\SwanBi20,DE,Oregon State,College Stats,6-4,270,5.00,34.0,23,113,7.35,4.24,Detroit Lions / 6th / 184th pick / 2005
Lofa Tatupu\TatuLo99,ILB,USC,College Stats,6-0,238,4.83,35.0,23,113,7.31,4.16,Seattle Seahawks / 2nd / 45th pick / 2005
Claude Terrell\TerrCl20,OG,New Mexico,,6-2,343,5.42,24.5,27,89,8.17,4.75,St. Louis Rams / 4th / 134th pick / 2005
Adam Terry\TerrAd20,OT,Syracuse,,6-8,330,5.40,28.0,,96,7.89,4.78,Baltimore Ravens / 2nd / 64th pick / 2005
Benard Thomas,DE,Nebraska,,6-4,269,4.90,30.0,27,108,8.24,4.34,
Craphonso Thorpe\ThorCr00,WR,Florida State,College Stats,6-1,188,4.38,,,,,,Kansas City Chiefs / 4th / 116th pick / 2005
Odell Thurman\ThurOd20,ILB,Georgia,College Stats,6-0,233,4.62,34.0,23,114,7.47,,Cincinnati Bengals / 2nd / 48th pick / 2005
Justin Tuck\TuckJu20,DE,Notre Dame,,6-5,268,4.71,,,,,,New York Giants / 3rd / 74th pick / 2005
Zach Tuiasosopo,FB,Washington,College Stats,6-2,249,5.00,25.5,19,100,7.57,4.67,
Marviel Underwood\UndeMa20,S,San Diego State,College Stats,5-10,205,4.45,38.0,19,118,7.12,4.21,Green Bay Packers / 4th / 115th pick / 2005
Jimmy Verdon\VerdJi20,DE,Arizona State,College Stats,6-3,280,5.02,29.5,18,105,7.89,4.53,New Orleans Saints / 7th / 232nd pick / 2005
Kevin Vickerson\VickKe99,DT,Michigan State,,6-5,310,5.00,32.5,,103,7.78,4.64,Miami Dolphins / 7th / 216th pick / 2005
Cameron Wake\WakeCa00,OLB,Penn State,College Stats,6-3,236,4.65,45.5,20,130,7.12,4.11,
Rian Wallace\WallRi20,OLB,Temple,College Stats,6-2,241,4.73,35.5,10,112,7.45,3.94,Pittsburgh Steelers / 5th / 166th pick / 2005
Andrew Walter\WaltAn00,QB,Arizona State,College Stats,6-6,233,4.86,,,,,,Oakland Raiders / 3rd / 69th pick / 2005
DeMarcus Ware\WareDe99,OLB,Troy,College Stats,6-4,251,4.56,38.5,27,122,6.83,4.07,Dallas Cowboys / 1st / 11th pick / 2005
Paris Warren\WarrPa00,WR,Utah,College Stats,6-0,219,4.71,31.5,,,,,Tampa Bay Buccaneers / 7th / 225th pick / 2005
Fabian Washington\WashFa20,CB,Nebraska,College Stats,5-10,188,4.29,41.5,18,129,,3.91,Oakland Raiders / 1st / 23rd pick / 2005
Mike Watson,OT,West Virginia,,6-4,316,5.46,27.5,,100,,,
Corey Webster\WebsCo20,CB,LSU,College Stats,6-0,199,4.50,,9,,,,New York Giants / 2nd / 43rd pick / 2005
Marquis Weeks\WeekMa00,S,Virginia,College Stats,5-10,216,4.56,36.5,23,120,7.46,3.89,
Jonathan Welsh\WelsJo20,OLB,Wisconsin,,6-3,244,4.61,40.5,19,130,7.83,4.22,Indianapolis Colts / 5th / 148th pick / 2005
Isaac West,WR,Furman,,6-0,187,4.46,37.0,,124,7.21,4.22,
Jason White,QB,Oklahoma,College Stats,6-2,223,4.90,31.0,,108,7.28,4.19,
Manuel White,FB,UCLA,College Stats,6-2,244,4.64,,,,,,Washington Redskins / 4th / 120th pick / 2005
Roddy White\WhitRo00,WR,Ala-Birmingham,College Stats,6-1,207,4.46,,,,,,Atlanta Falcons / 1st / 27th pick / 2005
Sam Wilder,OT,Colorado,,6-5,298,5.31,26.5,23,102,7.43,4.50,
Ben Wilkerson\WilkBe20,C,LSU,College Stats,6-3,299,5.46,,,,,,
Aric Williams,CB,Oregon State,College Stats,5-11,187,4.58,36.0,8,117,,,
Cedrick Williams,CB,Kansas State,,5-10,168,4.50,35.0,13,121,7.24,4.22,
Cadillac Williams\WillCa02,RB,Auburn,College Stats,5-11,217,4.43,35.5,19,118,6.94,4.15,Tampa Bay Buccaneers / 1st / 5th pick / 2005
Darrent Williams\WillDa21,CB,Oklahoma State,College Stats,5-9,176,4.30,39.0,16,124,6.97,3.96,Denver Broncos / 2nd / 56th pick / 2005
Mike Williams\WillMi03,WR,USC,College Stats,6-5,229,4.56,36.5,,,,,Detroit Lions / 1st / 10th pick / 2005
Troy Williamson\WillTr01,WR,South Carolina,College Stats,6-1,203,4.32,,,,6.99,,Minnesota Vikings / 1st / 7th pick / 2005
Ray Willis\WillRa22,OT,Florida State,,6-6,327,5.18,,27,,,,Seattle Seahawks / 4th / 105th pick / 2005
Stanley Wilson\WilsSt20,CB,Stanford,College Stats,6-0,185,4.36,39.5,14,125,,,Detroit Lions / 3rd / 72nd pick / 2005
Jerron Wishom\WishJe20,CB,Louisiana Tech,College Stats,6-0,193,4.50,38.0,18,118,6.81,4.07,
Cornelius Wortham\WortCo20,OLB,Alabama,College Stats,6-1,236,4.71,37.0,22,110,,4.38,Seattle Seahawks / 7th / 235th pick / 2005
Scott Young\YounSc20,OG,BYU,,6-4,312,5.08,35.0,43,115,7.46,4.37,Philadelphia Eagles / 5th / 172nd pick / 2005